Peter Dong,pdong,Devourer of Souls!!!!,13
Micah Fogel,mfogel,Director of Math_Fun,28
Evan Glazer,eglazer,President of Growth&Inspiration,1
JaRod Tobler,jrod,Regional Purple-Cow-Costume Chairperson,8
Julia Husen,jhusen,"Chief of ""Yes Admissions""",19
Leah Kind,lkind,Oxford Comma-destroyer,13
Erin Micklo,emicklo,Grammar Fascist,12
Ralph Flickinger,rflickinger,Digital Overload of Spam Reception!,24
Thomas Meyer,tmeyer,Emperor of Bit&Byte Land,5
Eric Hawker,ehawker,Master of Disaster,14
Namrata Pandya,npandya,Director of Happiness-Slayer,17
